instance,x1,x2,x3,x4,x5,x6
9,15.025449742,17.806116975,13.724078008,17.110143834,14.830689527,9.8850154888
202,16.755428936,17.113239359,9.5558043297,18.560072883,16.174901042,9.3186434663
39,12.765789974,15.912320614,13.402303762,11.409797418,15.988995388,13.971923621
325,16.748529565,18.382766709,7.5072094069,10.516766689,16.286843713,12.907891616
457,16.570641659,8.3322216836,13.935427264,18.694091053,15.769826289,8.7011386312
345,16.601599544,4.5857492005,13.999857296,18.692933139,16.668895271,10.3835011
140,16.965143569,13.832908068,11.237505153,16.495599147,9.8586034551,10.417561665
438,12.737140846,16.388698835,7.8406173764,16.838898218,15.794706024,8.4698767557
137,12.171138298,14.422365275,12.210234684,16.798004811,11.537170384,10.067169419
118,16.282128837,17.133325492,13.410781019,13.452045021,14.277192421,1.745273985
38,12.908018533,15.073261136,11.959214483,15.365496056,11.90133385,8.4085295186
162,13.756316878,11.901177184,13.154146198,14.699179836,11.567349501,10.220496343
176,15.20823162,2.3913273457,11.959103242,18.804567525,12.965176571,13.720638724
218,7.6952877343,17.198096891,12.427643022,17.000401746,11.278606717,8.3943801776
306,14.233859818,16.393961212,13.438824191,6.956063638,15.495330308,6.6304745164
366,13.239102751,5.5178576824,12.862297315,12.941844781,16.948500857,11.294853405
260,14.484065846,17.245180564,12.931800136,12.197316973,12.597351614,3.3166204274
467,8.5698409192,18.762755092,11.911466791,15.206475942,8.208233308,9.4880200671
210,6.8044579625,10.534733357,13.142419458,14.340632268,14.708116356,12.576129907
317,10.21917741,15.916234498,9.3416489016,17.733024298,14.269606311,4.5543166839
22,7.7468096092,14.008064908,12.976301448,15.286542953,15.052638341,6.7390729152
112,2.0644826069,15.779399447,13.171665077,14.356499127,14.906075805,11.485649272
302,15.511343025,13.479291956,11.967795396,11.324797083,8.8237106614,10.42833438
149,15.05173276,10.136876076,5.0275449737,18.332027319,11.700285774,11.18487419
273,14.281732224,13.759204389,10.593708463,4.9577385243,14.482832037,13.280803293
305,6.2020787746,16.225975467,4.9081007028,17.303180409,13.02339597,13.298605305
248,11.179936692,8.4509667605,11.051696681,15.212966494,16.812735751,8.1619562234
328,11.179791722,16.044519585,10.450929106,5.7864785306,14.171715233,13.154188026
33,16.726877451,15.78874104,7.6269450646,6.6157305622,11.985402912,11.521192011
212,14.315569427,12.476602741,9.5289039074,8.431008108,12.766925741,12.721194991
421,15.573078565,3.0295593957,10.344319683,14.505681321,13.530044921,12.82920337
497,15.765710168,16.313521415,9.3391531943,9.8211146337,11.029588573,7.3264133043
263,14.044855665,16.194345211,9.1873476454,10.351214286,12.409593567,7.3768638675
200,4.8889179789,15.055069686,12.097709375,12.213618651,16.855808534,8.42693011
216,11.686196022,13.134547749,5.7652903395,13.636930639,15.582253244,9.5784715686
80,15.285417352,16.075085578,11.117674551,12.526960431,8.1087687351,6.1467340954
441,12.379902344,11.331582644,11.351840091,9.5266515482,14.947513763,9.4368546649
186,14.101708282,16.611168853,11.469246858,11.558074769,3.1894413643,11.868105815
395,1.6789261177,15.936429969,13.755084149,14.484074179,9.3164922819,13.425977624
424,15.53517969,5.9588590455,4.1006019998,14.601540789,14.670050811,13.661605949
429,9.6112355627,18.22453954,4.0326212677,12.918282837,12.193333481,11.540610866
478,6.3383447453,14.525760598,13.374379471,16.659651009,6.5457241908,10.795876677
334,7.485574279,11.161291189,6.2668088423,13.962518791,16.798744194,12.249287856
266,15.894006949,13.414067233,9.7392847363,17.715050128,6.7139040604,4.4359739043
433,8.9743169397,8.4613826415,8.6532876974,13.044078054,16.732744064,11.715380183
192,15.123647045,11.529682191,5.840962148,13.198247128,14.911510773,6.9071146646
134,12.095448416,13.460738919,6.3334097932,18.168865741,3.86293054,13.342384457
397,15.725506216,17.212980478,11.798911452,4.5773980631,7.9813756384,9.8167798731
36,12.828989748,8.7975701452,10.652177866,14.981901128,16.692291629,3.1596156592
241,11.22800336,11.802376493,11.598385131,13.770754211,15.660419747,2.8560148433
72,11.881599456,6.2143714018,3.7323219443,17.092226309,15.10507888,12.882233794
70,6.9920314811,9.1600110857,11.992405141,18.259715475,10.010765407,10.32634903
398,13.144333929,1.4384713275,3.4849772453,18.686823519,16.286143344,13.53150927
110,14.27036022,7.9439595402,12.8508938,16.812380998,3.5656730272,11.084415969
437,16.292767607,8.417545137,7.2787061373,14.820415536,7.83670545,11.867919695
163,14.048191559,7.4271919834,13.327034648,13.389795916,11.401498482,6.7432190811
331,1.2769768126,14.429768243,12.5678689,16.946080929,8.0850824974,12.557037786
25,13.293556064,15.617801588,10.304334272,10.411253431,13.106036752,3.0148992473
87,16.164968792,10.510640545,5.6736068432,14.037077731,12.573333699,6.5821469557
77,7.3324333206,6.3440841069,12.441945055,12.081036456,14.958399445,12.353186043
82,14.118608635,15.00330236,6.9317514079,4.5433331663,15.379673239,9.4432278462
435,5.7427423,6.0629639216,13.918846778,14.542350882,16.696980469,8.4063180217
370,1.4427168742,15.53155657,8.6042132166,15.790126359,12.741654191,11.236922243
208,11.336148914,15.187093407,11.314020697,6.1772873267,13.748945616,7.5805200282
71,14.34265231,7.4918963071,8.9167905387,16.6645564,7.5259620361,10.259223934
146,11.460252978,12.176261812,12.150660612,18.461135534,3.3547168076,7.5365422703
265,8.70031178,16.756488448,3.5923743593,17.760712754,8.4782271609,9.71155946
35,15.990406681,10.058413026,10.829791148,13.37614861,10.34453281,4.2098377545
249,13.628133513,10.971945836,11.922207675,14.753382473,3.6115378775,9.8124003895
167,9.2042242661,7.9529094724,8.7339065142,17.199767912,12.430185962,9.1777550736
105,2.3338409811,13.259479986,10.547477908,8.3231739304,16.818078555,12.837324675
356,16.694632802,17.060978444,1.8103866591,16.996577252,9.794583261,1.7303507763
88,10.503437597,7.2598200873,11.663805906,17.275855996,9.5712867267,7.8087027993
59,15.596649889,4.7518230877,12.247691326,16.711816743,11.806098379,2.9280958399
412,15.889722347,14.040006137,2.7581264498,12.369387747,6.1241446249,12.816083307
255,11.837101627,18.62309508,9.6181143944,1.4068122171,9.2649839371,13.237220251
86,10.237047702,17.979452201,10.864743438,9.8177679242,12.601462953,2.3311064867
117,6.3509397916,12.237754102,12.443401061,11.990926445,11.92786891,8.7603412545
309,13.532503564,6.8685381706,7.5387247615,7.5497592124,14.359116293,13.782793889
349,13.808881208,13.314205985,7.6824290361,8.2752450262,10.347007807,10.16671112
296,13.673731487,12.797502592,7.5663275251,16.67283591,11.018402264,1.7810471822
447,4.4411094971,16.928766012,6.5644480004,17.721986614,10.009453751,7.6837111728
320,6.4919818081,18.147346441,11.856627857,7.583722353,9.0795175731,10.029570482
282,16.099435296,7.5005658269,4.7393297523,17.89871437,13.486576416,3.4568061337
201,7.2772165164,9.7554866788,8.6397458741,15.236858753,14.906328328,7.2449736136
103,8.9861228652,17.628540652,5.6136700094,16.612854165,2.0164898336,12.15221425
481,14.554798722,14.361345753,12.66343221,9.6372352708,5.2377313897,6.3096647537
316,13.194050267,2.2976028239,7.2320585889,14.060223929,13.962885488,11.960410744
268,13.335123327,6.3570293947,9.6243846312,12.349996193,7.3834878057,13.531363687
240,5.128974963,17.726824628,5.2884994778,18.968874758,2.3372301683,13.044889734
333,8.1781121492,11.712357364,12.76896089,12.760819951,7.4280702546,9.6133782601
262,2.7538398877,18.503606587,8.7105120113,8.4661186389,10.72748521,13.249929859
203,1.1479576379,16.566168259,7.3379228413,9.2205548002,14.906647019,13.157999446
392,6.7453191057,18.012781481,10.631356133,5.0898542078,14.699205287,6.7862747309
124,10.878942002,6.7419375489,13.956955831,2.1373127978,14.895015404,13.334202966
271,13.405823566,7.9421363086,7.8468927436,15.139973436,4.6253797077,12.782750581
109,4.4343965314,15.751232007,9.9495955585,12.222774225,13.905700687,5.4492852015
295,6.6764513478,16.389536983,11.419261722,6.6502624862,11.700719994,8.8579400168
245,7.4559669681,13.867563579,3.8313289185,17.459645412,5.1230444051,13.797492915
341,12.317727022,7.2214219142,7.0087224757,10.987322362,10.024818279,13.931557009
79,6.9009559751,6.7800330934,13.305419209,15.872982721,14.207850251,4.4180259616
11,4.5716512315,17.591799091,13.596968307,14.427078293,1.5413721502,9.7364689058
350,6.9112647623,3.5542458226,12.358325743,18.856477322,16.379169546,3.3020973948
143,10.203345396,6.2206434291,9.4066805574,15.963418745,11.561373334,7.9358275195
115,11.765821218,15.174243246,5.0964317597,14.639130687,10.059053499,4.5137713668
452,3.2920995243,3.2613831148,8.0645224368,18.187986689,16.704122629,11.699891971
458,10.497066654,8.904519659,6.6268226751,12.286331053,13.938665882,8.9510483814
384,8.8496586382,7.8015325316,11.071477384,15.034706347,12.372616794,6.0645645347
54,10.806122549,2.0358156241,4.9606589195,15.261573708,15.603411745,12.481528853
225,10.919628851,14.62752427,3.3417965432,10.420822778,13.726793621,8.0670518777
1,15.232269842,14.228034626,7.3231801116,6.5825580698,8.4761582799,9.1268261007
91,1.3874001876,14.463474445,11.657905024,8.1592510785,16.769161955,8.4643519982
98,2.3143992461,2.0668275761,13.063186791,14.32215751,16.097767189,13.008235836
204,11.292010933,5.8877117164,7.9902823493,10.043417366,13.168789439,12.363689421
408,10.325511746,13.645471514,3.7535730109,15.052160495,16.670025941,1.1886515191
145,14.801452871,11.335314909,8.3184628352,10.159103174,3.1356104426,12.873375382
53,6.6863701642,15.83563454,10.895082887,9.0911319708,5.7561026588,12.293674625
431,3.7075199001,7.0278636785,7.7918554489,17.123932722,15.552086297,9.2948234864
443,13.531329721,6.5753839947,3.0734979669,10.216244125,14.494856212,12.468945265
161,3.2626133338,15.829499046,4.5638997334,16.072035587,8.6003278606,11.959171857
387,14.232333694,3.5075602857,10.53815052,5.5398090361,14.14795075,12.317707253
449,7.3253282197,9.4187262091,12.177284633,15.367783888,5.8258455582,10.167827333
426,8.2969006039,14.663163355,10.962251445,5.2271486879,8.2276986316,12.830353378
322,6.4947101399,4.2961091585,10.411240403,17.722662946,16.500113238,4.6235624512
482,8.2349162064,18.049749551,1.9548490741,11.391684976,8.6998889782,11.659186161
68,5.668755509,15.985473863,4.8230920597,15.337212476,8.0456953906,10.024583344
128,10.034792203,12.629582486,8.4270770489,8.2548313159,15.230689663,5.2833019958
6,12.677837614,10.333547351,6.9567546058,5.5800938332,10.703519445,13.572792403
490,16.853889387,4.6886582556,10.625254664,8.1789400894,14.406090781,5.0277174043
352,12.582512941,5.5768836397,10.631937233,18.935267496,1.6527587287,10.344053273
430,3.5335869081,18.15989757,9.9072028955,9.7279317086,13.724440899,4.5814565956
239,2.1382505894,2.333255819,13.502809519,18.203042729,11.140395626,12.313434155
121,14.386280298,11.993702766,4.1391121733,4.4324802211,10.867547553,13.77514161
157,14.719932649,16.251481774,7.143965048,5.0523578101,14.904316474,1.5195180706
312,4.9221243076,13.881683054,8.8405027555,6.238196027,16.198527116,9.4489225948
298,14.711921841,6.8487381372,6.9900234693,8.163961486,16.597562153,6.0783079457
432,5.4306833893,14.71993919,1.788833848,14.882013472,15.822386168,6.7052432131
41,11.728725873,9.1042372021,6.6507254108,9.1662306674,10.453984704,12.034382757
206,7.1102991328,9.3562923376,8.8616452902,14.519083875,9.0128361769,10.255546205
179,11.948125448,4.7210063585,8.4166509181,17.931398017,10.891174436,5.1129281013
267,16.28617591,5.9110314869,11.732396974,6.1157948812,6.8988579661,12.070549238
416,14.45013649,16.24505301,7.0075407198,9.8266928489,10.372274734,1.0269807687
119,3.8735575154,8.8629159275,13.792676026,15.506023922,12.564126324,4.3231864166
73,15.171624515,2.6708999719,10.096737099,13.741814764,15.365240503,1.8460211048
360,9.1921544448,13.660374366,12.941387099,8.5063826572,4.6238997132,9.9606911808
113,13.81782208,12.835018549,2.0900943312,13.598567461,8.6204317547,7.9007781388
480,14.152019374,12.377530896,4.9692395115,11.078674654,14.165461045,1.9580843856
468,11.747742236,9.2426006892,12.70801833,4.8060286376,13.507333018,6.6626796783
51,3.8514934853,15.104531095,13.801449978,6.1470280821,16.692599904,3.0759089328
276,14.73579675,4.2503489209,13.854131894,15.220856262,8.6967088357,1.8796522277
422,3.3720721975,15.802956928,5.2250770889,11.703664961,16.353355024,6.1593464615
177,1.733412113,10.983342731,11.561803198,14.633179695,11.245109588,8.4468148283
436,5.6425367743,8.1074836315,12.428914298,12.513218083,14.851671785,4.985321657
442,1.0140943676,18.649621875,5.9958373003,13.067006314,12.950404875,6.7411748087
488,12.949041955,17.608615729,5.8568249869,12.259905645,5.876075767,3.8235463025
132,15.48030252,18.893765136,10.710197423,8.2027065484,2.4614955224,2.6048772421
311,15.222443208,3.5603626212,1.0182084562,13.788031329,11.827357061,12.935536773
410,2.9192045107,9.1648028563,10.961287618,16.415911798,13.468650755,5.4167367946
469,5.0560584888,5.9597243597,8.9536010409,13.433225062,15.615139905,9.2878909286
359,7.6664307974,9.5422233013,10.525605733,7.7685033446,12.306296185,10.407943278
493,14.102672927,15.714501748,3.8798603371,11.057962444,6.175144732,7.2768300611
17,7.4462997429,12.141072298,3.0988179706,12.153289295,10.344140142,13.01013257
277,9.4791075848,14.027843744,4.4298235015,18.106984627,6.237983793,5.7802407409
321,9.0797925517,3.6875685547,12.629517582,14.726881594,6.544962436,11.223053214
310,8.6190034412,14.048859623,7.8180198749,9.6245530616,11.705638569,6.0496787645
224,9.9648240916,4.0561198816,1.1095888519,16.512155753,16.336484481,9.8741329077
253,16.73677393,5.5462218961,13.078390112,2.1740645347,12.57676477,7.6888478948
182,14.324049585,1.9467791468,13.012012248,3.7047180375,12.294301089,12.509969676
473,13.41135852,18.852639311,8.124284467,3.2361188685,8.8318860009,5.2739380442
10,16.175324839,3.4743808866,8.5808537216,11.925421931,7.518006973,9.9791133562
373,15.210216023,10.151527086,9.7245225625,9.378462832,10.750335522,2.4165730178
69,15.693379674,7.5158046172,6.9700567944,9.682124109,12.878151175,4.891959683
287,8.084286835,2.7050705939,12.428828637,13.364870328,7.6021662727,13.301638075
313,16.647947505,6.9922492276,10.470934551,8.2698425334,9.9421831854,5.1590172932
324,7.4632416368,7.4198546875,8.9373133848,14.585056289,5.8447692506,13.172916135
75,3.7964221723,18.116652293,12.153227852,9.5051498585,8.1697596945,5.6512794017
326,16.75888538,9.8681466114,6.1806280231,7.1021865336,4.6764818057,12.796608096
235,15.172204647,1.5462257639,10.620092971,13.877184147,9.9860896915,6.1325930175
471,4.6454289928,17.51708991,10.33108567,6.4363437486,12.241912924,6.1600641548
459,13.804912232,2.9121840685,9.2092418401,15.771111869,12.136675604,3.3870953321
84,10.180984885,12.752107021,4.5362117593,17.537319109,4.3770325147,7.67645762
354,12.786617119,14.378226277,8.6065021905,11.733270552,1.3154343814,8.2219353598
83,11.423203919,16.004614743,12.594885672,6.312159617,5.1660886705,5.5310864886
42,13.302399315,6.8284364385,11.757900117,15.765706552,5.5216060951,3.7894349266
189,13.151232783,15.733095458,11.588469034,10.798705351,1.4126335867,4.2730524626
256,5.4899635389,11.093489802,12.594933616,16.724869617,2.7752361074,8.2533988652
280,7.9828547649,17.696827104,10.763643185,4.4638604154,13.123354431,2.8787507301
106,4.5670939423,5.0679203807,10.021839696,14.753609953,12.294951484,10.14429463
187,16.703071702,18.051691743,12.340887123,3.6481285151,2.0280128419,4.0187816378
425,15.42459793,11.012123169,3.0746619373,17.132662726,7.3481341712,2.7359248081
272,2.9497936852,11.289737946,8.3126374166,18.067572075,12.638880394,3.4504554537
178,1.2062393874,9.9056347152,6.1491166307,16.875762524,9.7805255614,12.722027672
289,11.130376112,10.417199985,8.4143458477,10.19268635,8.9192805924,7.5409714631
464,8.4091436043,5.6694035102,12.541052934,7.1948604216,15.072852679,7.7163508104
65,10.233199295,9.1360060652,7.9433483386,18.202327162,9.6560764238,1.1393784834
389,13.54987441,6.5962113142,6.4139906117,11.717345698,6.7301449142,11.299544843
335,3.5162858516,8.7298398791,5.700956058,15.716478293,13.813539185,8.8215340099
125,16.504522227,10.030227699,2.0926727094,10.755238783,14.919634622,1.9453148197
214,12.785670403,6.9545101277,7.8593293072,7.5784142236,9.5600195192,11.454539965
46,14.746839784,10.820485072,3.6170194808,5.1787604974,16.483260866,5.2927257721
94,11.379462574,8.204442495,13.596468017,8.6995414784,4.0286110826,10.174151541
153,10.358673099,8.4186984911,11.215035945,12.51076835,5.8099904731,7.715333794
183,7.2082743384,3.6045102729,5.0099299334,14.472008131,15.278825317,10.426553112
21,13.738676909,17.202218378,11.812144164,2.3129308103,9.0547167435,1.8386489954
405,1.9961529337,11.205663941,12.927090768,10.796336671,7.7397573255,11.207676945
401,12.762916263,18.796031034,3.7237013804,11.565588311,5.0194723941,3.9900794895
496,7.1152096502,9.5126942168,9.6350202104,17.641146725,6.9763667062,4.9273192591
495,6.5673519932,8.2447114377,11.717358405,13.29340501,7.397629302,8.5755174367
402,12.04140617,17.511314657,9.3726568739,6.2234110204,1.103652183,9.5373873361
230,15.379427887,2.7766154222,13.947278745,12.473813298,3.057511393,8.1134274472
49,1.2030666396,5.2788923052,13.916320391,13.007204419,13.637252711,8.6146807177
390,1.2767100222,11.833628847,10.866819837,15.200130335,13.797818687,2.6401505182
81,14.242517177,14.39898334,5.2591316246,6.0466278102,11.772770878,3.8462429952
485,1.0057031699,12.526579126,13.364267882,10.509429238,6.7059635557,11.386191068
372,7.7400015593,1.5799977384,5.6556928097,17.756803167,12.219199017,10.498839719
318,11.321161043,12.336848943,6.4878442164,16.00516564,4.0215041637,5.2615253711
453,5.9458518438,12.046401066,12.637477108,14.504207938,2.8106450625,7.3921263197
190,1.0699475557,14.414425597,11.372289734,18.668598584,4.9907402918,4.8064331668
3,7.0637993701,16.951509208,7.9990629763,14.007406946,1.7944185957,7.4740859144
383,4.249103304,9.9624175578,12.840286516,16.572379102,10.191114627,1.4480897668
32,16.369573977,6.2338394406,7.8009058454,7.7026703055,11.595285609,5.5365091069
465,13.455404289,15.544899382,9.3586916409,3.6938270745,6.808262825,6.3400782144
476,4.276901044,11.539594823,12.391268687,6.684077133,13.63821872,6.6272668305
44,12.599943034,10.974452436,9.9424859087,7.5294483355,4.6573202759,9.3403848319
209,9.8524522744,15.857956546,1.9426590584,18.072731501,1.4632564858,7.7770955693
451,2.3282783888,13.69798951,10.868318959,14.372097405,5.9844505526,7.6642210612
491,7.617923297,11.425151292,5.0920498425,18.420422861,10.845248815,1.2839518124
16,11.303055331,3.7129021445,11.326970977,14.146788985,1.509863615,12.644589485
361,9.0159833468,16.022423115,8.1573233544,6.8848173856,5.179442443,9.3791682587
173,7.0798656307,16.12739266,1.5118873515,6.8767476873,10.846477099,12.116229464
233,6.4676961079,4.751760433,12.619305902,12.353411047,15.560162347,2.7991554826
388,10.341562446,17.181205601,7.2682961242,7.8658057111,8.6715029255,3.2146001817
24,13.233480643,13.646162459,8.1640051662,3.6558839129,9.9040617682,5.7486018385
300,6.8581568636,14.769027727,10.836832946,3.7855862286,6.8029228523,11.27100415
439,9.9844707102,11.615592868,6.3969440495,8.2240367234,7.7718559355,10.317340325
237,9.7241752073,5.0178543217,2.8447402888,18.367288129,9.112008702,9.1853841189
2,2.1291435808,14.859268495,6.9034646302,9.3774838047,12.587213803,8.3849850015
475,10.906298622,12.008686164,8.0082922173,8.0632436322,11.199333239,4.0337038385
61,12.375358455,11.405629056,3.0761325315,6.6267400789,8.395142097,12.324082916
466,4.3381809369,3.1513519525,7.6039449808,18.656846276,7.6508583538,12.74937245
55,4.5943318456,3.8533093114,10.40621965,12.102906061,9.3665582016,13.800074087
172,7.332708355,3.3347914205,6.8047358855,14.963768963,11.605428778,10.059422513
191,14.126951057,11.375985441,6.8625572172,5.6827111351,11.89021745,4.1211435546
346,15.886012536,4.7801133101,9.3657406941,5.109730877,11.96442895,6.8411443562
170,3.1820614263,15.912736487,2.9018919929,14.023890474,4.4373992085,13.462411314
479,9.1445914097,6.6231859466,9.8384425873,18.284214311,6.2259382978,3.6148845407
13,6.942071002,5.8432688834,12.042437309,12.161552758,3.8972119763,12.79237813
399,8.0808249637,17.950349877,10.414996309,6.1830085791,8.0231297687,2.7616081093
213,15.305566285,17.326015186,6.2612510836,4.6741786981,8.3115246482,1.4549112865
492,15.14388039,6.0710584805,10.194535736,13.180554205,5.3328199461,3.3286028502
26,10.141740393,15.590457611,8.1762909528,5.5258382224,4.3975695297,9.388152889
323,13.310956601,1.6746690213,13.31322739,15.32941058,5.1189739965,4.4564999619
337,1.5708332807,12.493303197,13.007749299,10.104295606,5.8879087307,10.098972989
29,11.385470707,13.765704328,1.0153789173,11.973330224,12.960414208,1.9830425235
427,13.172263987,6.1140870391,4.6047777471,16.829027085,4.7948769964,7.4580277533
275,2.4053630792,18.709868535,11.893506856,2.1185285589,7.050310649,10.775476765
169,1.7935688868,7.3718503462,5.8272349031,15.309551667,15.553473298,7.0761098857
197,3.9988276176,18.850627336,8.0238639507,7.1533929338,4.7053047046,10.190248418
154,14.256763875,6.4474275708,4.562782869,11.733088119,12.806909487,3.0960084419
171,10.968816955,7.7914151386,3.0115631374,15.822921121,5.5365363918,9.6089398537
76,11.97920223,6.9346089414,7.2208473096,10.41753221,2.7046377063,13.467420008
499,8.4833565652,18.147014266,13.030314154,4.8100676588,1.0702853128,7.1734702543
74,1.5760828815,14.021661696,3.2704865781,15.781879011,10.58735735,7.3852170622
450,7.413069319,18.418496591,9.4313144949,2.6628928026,10.65939321,3.9709451871
15,7.8147786409,10.92539941,4.1689366403,15.793834832,3.0646501854,10.68636589
314,1.5343435965,16.179526547,6.6919011071,6.4143397398,11.389872395,10.181941382
150,14.602321792,9.352579033,9.797469853,1.118985516,6.90946915,10.521809683
407,16.291148391,9.160683461,3.0977285109,7.0173163568,13.191866625,3.4995708205
60,5.4227735996,4.1086297599,13.699600756,16.089544096,9.5452498645,3.2855834523
231,11.011404563,7.7848893325,7.2441621895,18.288057431,4.7896181569,2.9919850065
99,14.687233537,2.21821253,6.1138553105,13.378514402,2.5471303314,13.059185491
374,7.3197697997,2.5707524647,13.342272913,6.608218885,10.794235509,11.338022448
494,2.2115291357,7.4490671665,13.776137521,15.646010003,11.491433728,1.3296891088
111,9.7874240652,14.347547992,2.881401591,1.3794087078,14.477185629,8.9703429043
194,15.913198974,5.4527972536,8.4563173074,6.8928452791,6.4502882324,8.512695489
100,6.8547423258,4.5681573921,6.7700772251,8.1243556649,11.948798552,13.406042052
261,2.6897716261,9.8905798867,13.057188754,13.61031282,10.777579166,1.6230493486
274,6.0906600654,15.808577564,2.2038349032,12.351267464,2.4715813734,12.70096704
394,8.2821050547,6.6724862475,1.3629890848,16.43847848,15.552328914,3.0012453599
50,9.630803261,1.8044768609,2.5683990521,7.8055911204,16.936385944,12.548157795
5,13.020748399,1.1405701865,9.7202056004,3.1274971692,12.679882515,11.454058365
293,7.0336181782,8.0217696903,11.470508987,13.533123463,8.833582554,2.2302574303
380,2.3939570859,10.018768586,11.729099592,9.7933270657,4.180820331,12.998514462
487,4.9134065807,17.541057082,11.587852802,9.7695883424,2.4808390215,4.7666911196
357,1.4681180641,13.381739398,5.0120613533,17.584410397,5.5786063448,7.9902189258
340,6.9170253091,11.051926434,10.260358497,6.8554517189,14.764624815,1.1439046941
104,1.4588810243,9.5836007423,6.3299544153,10.117646922,16.512601398,6.8948952071
217,5.4377320521,12.760025401,6.0226084662,6.7559267608,6.5619260445,13.30226429
31,1.3278483078,13.076993943,7.7053124339,6.0051043942,15.818622146,6.9029850522
211,13.533226795,1.8853929713,6.0915925759,12.897982454,3.0628622584,13.365648247
175,8.2745417506,9.7933369479,5.5423799213,5.6199163473,7.5749033131,13.927410041
141,1.3026200347,4.4820214515,10.120758179,16.150661917,9.7867252305,8.88371243
396,9.2597012073,9.3337435094,2.2993839963,5.7230654559,10.653576065,13.381529504
250,6.9441526383,12.910763255,11.255978357,13.079261507,3.0878118835,3.2454600043
347,7.2427998781,16.643503796,1.7411613166,9.7920531379,5.6015857421,9.4498416821
89,3.8216706775,18.554198019,8.5561134133,4.3735695276,7.8572709784,7.2894819239
446,1.8901616745,10.454752747,6.6278192666,13.733152298,7.7419121005,9.9972403795
126,5.9669472054,7.4247849062,10.84738701,13.617707646,11.032819636,1.4789017418
258,12.272492666,17.922779069,1.5369226031,6.0913343378,4.8431094252,7.6535981188
417,2.8527384065,7.2810786054,7.0980158728,10.404118751,13.317607801,9.1814608555
19,7.7307405621,9.4457616103,13.102971253,11.610248445,5.63328325,2.4550006536
411,4.2013301514,12.599645316,1.3868204334,8.405973312,16.404732354,6.9744140401
78,2.5162669346,10.627337147,6.6631637572,10.800156719,13.304710615,6.0508951833
120,5.4088096283,5.4186648615,9.8277382301,16.46462682,2.7908592299,10.025688467
244,5.665062543,4.9720275654,8.9651757721,17.732099745,9.0260150805,3.4563822004
247,1.1284671202,8.6149770441,13.313898277,5.9679518766,10.557365481,10.068906847
294,13.133533794,12.319421265,3.3733633049,7.5873916359,11.149704527,1.9992932254
234,13.77476567,3.1789491801,3.4335450823,12.730914196,15.071130875,1.3507901854
264,7.5302751362,17.251761687,6.0108201823,1.7414516881,13.549011584,3.384518428
290,6.0271887928,7.2836023127,8.4075867436,7.5754157654,9.660395246,10.498841329
500,10.727035761,10.464470013,6.5680587408,7.5720498948,3.7302213274,10.373518898
291,10.682889178,13.501379193,1.3365775328,8.0355613325,13.003817238,2.8642765651
138,11.808898207,18.479095588,6.1468374697,3.7182317274,1.5426947847,7.7043930741
97,1.8482189551,18.152027122,9.939565687,15.521597762,2.3646068089,1.5230002447
304,10.858339593,10.081653194,7.4121193157,4.2651482145,15.380182091,1.3311106083
95,4.923618108,7.4358026246,11.385169473,11.265298479,3.3377485126,10.961887085
139,10.90490514,8.118368505,3.1926523431,6.4338761666,12.236655198,8.3869364571
28,3.4614759646,3.5078925486,5.0245730239,16.945875069,9.1630795635,11.124434862
409,11.840608601,12.788114856,5.5018614579,5.576962065,3.4601169936,9.9979265516
198,5.2038841322,16.118424858,7.1650915588,4.8018769133,10.570359383,5.2818483699
243,8.3806244619,7.2090398399,9.0995320918,3.2440805323,7.2197286896,13.950410413
164,5.4644328766,3.1211640253,4.5591765144,18.871843383,7.9374072105,9.1294789987
400,10.578630764,4.6836792543,7.5312251179,7.8452512352,14.057490259,4.3779608824
48,5.8970373124,2.5371478936,9.0212280371,9.1755446801,13.76333962,8.6699790466
195,11.582172412,11.101634007,7.3589567987,3.7590915775,2.5533103272,12.697467803
428,7.7435970381,7.8410088774,12.012807768,7.0808086656,6.1577115245,8.1705445156
270,6.0757914148,13.190267334,2.5217464338,10.147743776,6.0848880559,10.884471886
474,14.81588034,1.7433197545,13.151202247,1.6486623478,10.948961742,6.4283044864
67,11.04878873,4.557782792,4.7551705197,18.861673724,5.1616986655,4.3354244677
199,1.0442935638,7.1497955928,5.1125744472,12.955296915,14.385119848,7.9918823089
444,2.2912357636,3.3483461021,12.872787523,12.798842607,12.639100458,4.672576393
418,3.6039402597,12.612403247,4.1768707384,8.2623642245,16.509362739,3.3515860899
368,3.9119872339,5.6121964594,6.939723565,8.4528140565,9.7211620435,13.7852551
463,3.1320908479,7.1856926228,12.480999121,7.3572370722,8.1464446709,10.066166281
242,15.979878783,5.0500190412,3.9666390035,1.8042292176,9.4363973998,12.120354367
101,4.3153523281,4.2939665513,9.9132718078,7.3647317383,9.9949065112,12.46966772
147,4.0104012974,15.751443193,8.0388465724,13.323469266,1.4979630336,5.6282894576
472,11.241988864,4.9978802884,3.9495376411,11.180636207,13.318033788,3.4508310189
353,3.684706457,7.7397110756,6.3846187873,12.843998023,11.696239267,5.7104958273
406,15.344671324,9.0154816275,7.3588176931,7.7596794385,7.4944824912,1.0794607003
122,13.960441895,10.824504153,7.266916346,3.1298982073,4.5655811355,8.24799251
45,9.2802390531,7.5901165549,12.714705381,1.0955911884,10.749866851,6.5219343533
12,10.93979466,11.015354326,12.327895862,2.8717172751,8.27381045,2.4705746239
364,6.0931926779,17.287706351,1.4781453963,8.0893433574,6.838686116,8.0499803142
130,3.4391029552,10.908744664,10.257799587,6.7166734952,8.4827709384,8.0009524946
226,1.7477401458,13.577123246,7.7674458728,5.7202391285,9.448280029,9.4883896785
236,13.793925826,16.073347711,3.3279854045,1.995136911,2.1103630215,10.433201647
369,16.094668828,6.49575599,9.9940976244,2.506287327,2.2684752084,10.359567304
382,14.786232501,5.7258867039,4.0678310082,8.3492154852,9.6524849683,5.0321649848
30,6.6065452397,5.8200704409,4.0127596317,6.756990198,13.784784626,10.597523834
460,5.7220948748,1.4297067947,10.819815604,14.281537487,6.3948969878,8.7663038839
477,6.4165960178,13.46019594,1.5594833987,8.2595077809,6.1572803222,11.397971964
123,3.3358479477,18.347465435,8.7097680939,8.4276669263,4.4836982936,3.9120016517
151,2.170067627,7.7751511326,11.003435432,9.2853188869,7.1229722574,9.7907412136
227,6.2510746792,14.192648515,3.6314525236,3.5435988945,7.576617755,11.929605509
251,5.9459284879,14.987087636,2.2922576114,6.681447072,10.616611775,6.5329295283
343,10.194591496,5.3881478356,3.0300483126,7.9357246808,9.2131278291,11.262595662
456,13.401033763,10.068619988,8.9740222229,3.8685795213,3.9987142384,6.5609300707
136,8.7014834024,15.3917594,7.1795327438,1.5827152771,8.8919606023,5.0929590715
166,2.7622820362,13.91830952,11.702423767,5.1521271928,7.2748413496,5.9795677173
329,8.450804621,13.876185268,4.8326490908,7.8763156957,9.8442501165,1.8163942304
299,5.3704043739,12.424594368,8.5881510056,2.4184330292,7.9330058806,9.8139691004
484,16.57542501,3.9208692783,13.607886722,5.0781775252,3.8279594369,3.5109226492
378,8.3083215244,9.1430601031,11.999980569,4.5871591833,9.0211715363,3.4489040712
165,4.1766398735,5.0071045938,8.1520749496,9.0241771229,15.386282284,4.7429170744
238,15.436279416,12.03193626,7.4363020242,3.2281280062,1.9493375942,6.392984062
393,9.1132506467,3.4562886702,13.615308653,9.3487033416,1.4626388028,9.4720887924
470,10.982313406,1.0684329504,12.624834183,10.550382195,7.7388420366,3.4970931318
252,1.7202524506,5.9940853305,8.6679208358,11.632709054,13.463391736,4.979481604
215,13.558580976,5.1507461485,8.0563678606,2.327605004,14.778732106,2.522423465
232,8.0506654792,8.8482865938,4.051361481,3.0254459516,14.27083464,8.1301719712
403,6.4380100556,11.31635843,13.470339161,1.3279180061,8.5610859394,5.2092198466
385,9.2203962505,7.3406320065,7.1052906949,8.4927306408,9.6431684271,4.5097817227
222,3.1909840256,5.3022598736,9.5165711751,5.2466849764,15.993383523,6.9508560083
440,3.0324399509,4.4679289828,10.805581011,6.001475709,16.602744415,5.2700039237
47,4.6644009873,2.8427681136,3.3026380779,17.264089987,8.1983725354,9.893077112
142,11.019903731,5.4567572754,7.0243763837,15.277208719,4.9468328655,2.3650744106
93,5.4242683388,2.7708078655,2.1185486724,18.469624373,4.8415623941,12.451562553
219,11.766080055,4.8761091894,9.2346746798,7.4890849078,7.369474344,5.2112979193
286,7.8913604952,7.6779644783,7.3702431032,1.6744873603,8.784098316,12.477136012
193,14.076770663,5.1707939762,5.2237123933,8.9965453283,7.0080962405,5.2664630539
23,8.8874343112,10.704157831,2.7365073639,10.616186408,5.7682773732,6.9933265781
254,15.412888672,1.060098317,2.2980865804,10.566145399,11.913651727,4.3599936711
292,7.4778135307,11.940829093,5.3910130493,11.857504082,4.1554743312,4.5163621034
63,3.1917383522,9.983323684,6.1480051479,10.382950795,8.8021854833,6.7455816364
43,14.977037847,5.4669504743,4.1354549504,12.620319607,6.4048298113,1.5874974739
114,4.9655559473,10.320574227,5.0840696432,8.1681585731,10.081057049,6.5471887088
181,2.3556218222,8.6416137894,1.2441392045,15.128697111,14.192109108,3.4631427634
148,5.7185551822,12.171547025,10.855089159,1.9058358003,11.584196541,2.7615639574
66,7.5941052362,3.9175392194,11.277437389,7.17778177,10.056244612,4.9318059732
160,2.9892467707,1.71761304,9.7280002811,15.363985,2.2210162133,12.910871121
448,8.5883037783,10.541147684,10.816321369,4.6777969687,8.0026352778,2.2628979306
284,5.2235998064,9.5614850405,5.1645170918,9.4637419702,4.5921405219,10.805738374
257,8.6579173617,14.561241734,4.6566577309,12.869889311,1.140941631,2.6102894451
363,2.5398016497,13.326938896,4.9092739655,5.1543772602,16.453274608,2.016658016
108,6.3695332147,3.8555125701,9.1160673702,10.241959238,6.8600255102,7.7872464855
155,4.3275012635,10.074664288,6.0590503558,11.24540404,8.2531526238,4.2348636654
14,12.613422666,14.524458716,1.0158134475,2.0494525027,4.9861535691,8.9989731691
221,2.0466045402,2.5031614723,7.6251147233,5.4306112779,15.187519453,11.263281459
279,8.3193945028,10.107157884,12.706355525,5.1893771417,5.6726517566,1.8323359839
379,2.398739133,9.9424524386,13.788130483,8.0083355699,7.7901890576,1.8990465018
483,7.8470687382,6.4528374649,8.0558548456,1.1215910474,11.992733311,8.3190133674
288,3.2241037302,17.742839993,8.7805800478,3.8192027188,3.4940761589,6.7116627831
116,2.3205335401,5.3027594392,13.747070183,6.7977659986,6.4139836095,9.1122948413
498,1.0439746641,13.816856912,3.6790231548,17.983070765,5.4401767924,1.6789633888
344,4.3018774465,12.614533311,13.580098343,2.1609043013,8.1115339398,2.7804312205
40,1.4605077617,12.003790676,12.123629142,3.6496638618,1.8768897615,12.411037204
188,10.911867391,6.5224848608,4.7583303156,5.4411552511,9.7301393524,6.0332369264
377,14.819556821,6.3403558447,10.678547909,6.1417947989,3.8967883103,1.2406134626
96,2.2031189166,8.8987704236,8.7821833973,11.720248544,10.151209686,1.1993276544
342,8.466444876,8.229270455,3.6356760061,8.4741756762,2.2415378988,11.897667196
414,3.4713495634,10.907442326,12.721730795,9.3675208231,3.5567097217,2.8797805952
415,7.8618575297,3.2006327151,5.438297197,15.686034823,1.4563762918,9.2218562916
52,1.0212778039,7.6550023048,4.4112136525,12.091698979,13.398122776,4.1494302354
297,2.5805954859,8.5913848826,5.7674710539,3.1985265524,15.999821752,6.406057921
174,6.0119451471,8.859907893,3.3457344987,6.2412109263,16.495446883,1.4250096695
269,13.721265357,1.5230963253,4.9444300076,4.8150608507,8.6339425594,8.7292516343
220,6.7102920748,11.691961519,1.3972292994,10.942797575,6.0257143006,5.5470449682
307,3.168788176,8.9101972501,7.5632069565,2.3125549783,10.802908283,9.4101524374
413,12.840261206,4.4870858057,12.076474538,3.1777406018,2.7268863767,6.8342839058
365,6.6187198162,13.834095897,3.5392657798,3.3746877164,3.4368126281,11.327204207
152,4.6842138022,6.6959789786,2.9643424677,7.4768627938,15.788871281,4.4977351681
381,3.4796262905,3.2276189649,7.2080541558,4.7522811377,16.722171739,6.6553329092
223,1.0846844167,12.308105163,10.053430073,8.7136412393,7.0119618215,2.7984974536
90,5.1396290958,11.228154087,4.501618729,13.611911027,2.5140210167,4.9659227005
358,1.023818627,13.462552847,10.677846106,4.2452064012,6.6983156763,5.7441262479
391,10.455683086,2.3498628377,5.4257881446,4.315270361,13.824775014,5.427188172
404,3.4504329711,11.55496994,11.958345856,1.5131960949,8.3844988234,4.9235717952
144,8.989885319,8.096797518,10.709750141,5.6975236344,1.4695387781,6.7949738735
348,1.2525490038,8.2381932591,5.7093232607,6.6598164435,9.7028322294,10.135417687
229,4.7927422859,10.120548741,5.6828686283,13.556403956,5.283558514,2.2380045389
107,6.3972920254,2.0599858393,4.1992741677,9.3412474878,16.60847931,2.9209452255
462,14.015009835,3.4913830995,1.7105840032,16.400046549,3.1824737117,2.5772482271
371,3.1130029485,5.3111231579,8.9166680896,14.064629503,3.0527108684,6.8535100624
85,4.9252463877,13.024613871,2.4959549305,15.321039179,1.7097708248,3.8199021281
419,11.284823615,5.4479458584,3.2419329095,9.1733266818,3.75006897,7.9719011567
58,4.9741255082,10.560114607,1.2424207428,8.6429251507,10.575874228,4.8267306073
461,3.0697789043,1.2636964549,2.6633060281,17.342209312,12.840239357,3.5454734496
56,1.5185115375,9.8659387636,4.0273179901,7.8817275804,11.712324809,5.6680506554
330,12.976170558,1.4213307379,4.3811885542,1.4493929641,13.92082933,6.4835450095
339,3.7116682045,4.3241285365,11.491431722,6.4795112372,10.93217475,3.5643452408
281,15.132004831,11.607275174,1.3411460067,4.284300088,5.406348478,2.6978237578
156,8.4026682414,7.6226323587,3.7171680876,11.491942253,4.7703383006,4.3497774245
338,12.951375972,1.0249054423,8.4273632781,5.5963009512,5.7827574573,6.4035821392
57,12.796099193,10.744881148,4.3983302426,3.9767034822,4.6651808508,3.5773185557
308,3.6726710275,8.2431006832,1.4285567624,6.9962963625,13.817244727,5.7644621469
259,4.7839084119,7.486078273,4.4361652737,16.492765494,3.6705839187,2.9316135456
355,6.2523461804,9.4822221054,5.5649085692,8.878707848,6.6237996034,2.958052929
27,1.6431514397,12.932919852,6.1271895468,5.5732620666,4.6366008371,8.7510276628
8,6.1089003198,5.9926690781,4.7140212655,9.730139879,2.4724920988,10.411164445
4,10.396211583,8.7600539704,1.1535929157,6.1679128218,1.9206353091,11.002105901
420,12.530822068,6.0076274183,7.7212204295,1.382326859,10.399170224,1.2860970709
351,3.0692265742,10.033799232,4.0879546197,5.1538117793,12.27734274,4.3683303636
327,4.0679820105,8.2992231157,3.5879447639,1.9657426537,10.358594049,10.48369151
301,12.001058616,3.5693361317,7.7032584788,4.904374002,6.4133284055,4.0842568558
135,9.4448677599,5.6604561554,10.964222998,2.1000699443,6.2500759661,4.2126087944
362,6.5130332932,3.2218656768,2.4406517195,18.658585784,4.4786231108,3.3104603479
129,9.3897365294,3.9310256387,4.4833606151,5.969609532,5.5595537238,9.1215877237
205,2.568917837,15.857950624,1.4438872964,10.433216318,5.6947894953,2.4316906317
454,8.9947841838,8.6217036135,1.4643060479,7.0122917285,6.8402526453,5.4187011293
375,1.1172458678,7.0531669594,9.6573456058,1.3837023797,14.608138226,4.5133551336
315,6.8585096523,4.4419682464,10.38670062,4.2503506728,4.1448874809,8.195693926
283,2.5030460097,3.9511499261,3.9851507389,13.54930316,8.027799014,5.8442776757
34,2.1530742794,8.6452131378,12.811339412,4.6678246791,4.270554278,5.1691591835
386,4.9545657411,5.1288563055,8.149765233,10.55432557,2.6199862435,5.9545977537
7,1.8305259459,4.9365783678,10.913424662,2.4544146117,10.615042191,6.6087566933
64,5.7015274428,10.826924733,2.2524780137,6.4806005494,1.8727042638,10.193109814
303,1.9239025302,11.305031713,8.2646921889,3.9565687845,4.7172153592,7.1407471043
455,6.7757828571,2.7127474742,2.4818245342,8.1661958289,4.64251462,12.34348144
207,5.1170978025,12.404016457,3.6653308633,2.6169423,8.912989255,4.2723414858
184,3.9109986387,5.1922426964,10.000088706,3.3595825629,6.678274639,7.668143132
336,5.4175271504,10.658665361,1.4759371593,2.2685211697,5.1091977358,11.765544599
376,13.863149475,4.897737341,6.2912146228,2.0289535234,5.0704267994,4.4739797437
20,2.6128775515,7.8949506991,11.925614876,1.7631282075,10.870907977,1.2959923679
62,11.381800439,7.695564237,5.5187838669,6.054728555,3.1504130773,2.4751153633
486,3.7748668045,1.2799061839,2.3026665561,9.8711032523,13.545976747,5.3086642507
37,1.4094356596,8.662210925,7.3323902444,9.7132198717,6.0076226518,1.9517731539
185,16.459362939,4.9543580022,1.9437841193,3.1392320641,6.1766456813,2.3421489252
228,9.2224522382,3.4171379027,11.901681684,2.181291684,5.8606318161,2.4133289196
367,5.8778654002,12.986386873,4.1674165458,7.3093822934,1.8191984184,2.7152764406
18,2.4652758799,3.5451114676,8.6614909929,2.7649403363,4.116215419,13.250393834
278,7.6708767302,7.5689356658,3.0689525148,12.852848391,1.6359025724,1.9443344881
445,8.7484216616,10.686265041,7.7670360624,3.0359223541,1.3943146095,2.9800157715
92,6.4519512355,1.2093187869,1.0973401556,7.7585961111,16.122610953,1.9269266867
158,7.3552171923,1.2124313354,2.4241082082,9.368590421,1.5670191012,12.420976743
180,9.4430005439,4.1906972546,11.417141547,1.9631940145,4.4496165626,2.278457009
489,2.5206463598,6.1946390062,10.246382137,1.1756099993,6.7918437533,6.2295212047
319,8.1292728782,10.703699944,5.8951778759,3.3018147964,3.1548509672,1.752574547
332,8.2112035938,4.7691386705,3.173468719,4.8301969292,7.9363400787,3.5627196594
434,11.01917427,1.0859684618,13.760077098,1.5136344139,1.4738662243,3.0042056292
285,10.648398362,2.0691606705,1.2040367534,3.3546714592,11.816974927,2.0342875123
196,6.2540899813,3.9291703338,6.4503137479,1.5977833825,4.6528802849,7.9167857342
159,2.4795308411,6.9310758896,7.3744290897,1.6765799443,1.9459964857,9.6938658108
246,10.768158738,3.2855392317,6.5848758959,3.7984450362,1.6942266412,3.9095268324
131,5.1188547388,12.977238495,4.5419972544,1.4350597421,2.0413386039,3.8913285946
168,1.7757343054,5.390478428,2.5542167826,8.1036251271,2.860495694,8.1631130476
133,1.3202687688,1.6378934043,2.945449722,3.1278612623,7.0567001291,11.219959296
102,2.7375805005,2.4860966173,12.163479812,4.5651671984,1.9191649817,3.2323086744
423,1.3367095403,1.0782260476,5.4218730233,2.2172451746,3.2541510649,10.791057727
127,6.6168898977,3.9445888069,3.8750741729,4.7042943775,1.1327520944,2.4915374848
