position,x1,x2,x3,x4,x5,x6
1,4.1482998393,18.594475226,13.783905139,2.8782706619,4.298588939,8.8005399518
2,7.0250750408,9.5023494647,12.242739372,13.166712434,4.1326675676,12.246246726
3,5.552321095,3.5347373369,7.7868786114,3.0026175408,16.034792691,7.0429776881
4,5.1440464072,12.333532216,2.6704163891,9.6555524282,2.1872310154,12.917831849
5,4.3096126132,15.865534164,1.5316811479,5.7876984202,16.755037189,8.0446396042
6,11.863046318,3.8023127606,1.6087252221,15.50341821,9.3542981036,13.006310032
7,8.4593019821,9.5095262304,6.0783955443,15.854558485,3.0743564665,4.8908251754
8,12.975357726,9.6065356787,12.063672125,11.142719213,16.818048626,8.3623739581
9,7.193029169,14.55821396,3.6256129215,15.71551528,13.718634371,3.6002286256
10,5.3534677699,4.750223435,8.0286199439,9.8292963309,9.3299249858,4.6312106834
11,4.7571205273,2.9438743973,12.167288583,13.041220592,9.2435730919,13.172610652
12,8.8251849636,13.020859864,9.4721403387,11.509291016,5.0038422346,10.76994546
13,12.610647663,15.637378981,6.1493597582,18.501736375,15.217660289,3.6525755657
14,13.581953574,4.2944448981,1.4388795553,1.4123546625,12.412926152,3.083432364
15,12.469243418,7.0208064639,12.639545483,13.613880682,14.136999279,7.2089974121
16,15.686978947,17.081170205,13.361579501,4.1161060235,11.476371866,5.7617045641
17,5.3463114016,16.472660543,13.334081477,15.481390284,12.032981265,1.6020474359
18,6.6097531989,18.022501337,7.1749682531,9.7640887201,3.3697566092,2.0440764597
19,7.9610043839,9.111437215,5.9186051046,12.806637349,10.992416147,10.895140633
20,12.602663659,2.6032934561,12.984043342,15.487415929,15.089361429,4.112715262
21,8.8993317783,17.033400821,4.6280504698,10.621210668,4.4439124465,11.424224552
22,3.6544500105,11.685119083,1.3612780236,3.5779485498,5.7586265355,8.4989641609
23,5.942576699,16.605782361,13.070762477,15.60886443,7.4449041598,3.2659043928
24,10.740225453,4.2894700919,1.2664006315,8.6325102588,7.0452894717,7.9627063849
25,13.392056346,15.962856479,9.140341264,13.960878687,14.335369542,13.919671111
26,15.997033797,6.6670116242,6.4472422195,12.733786612,4.0056054518,9.946986319
27,2.6454651393,6.3939336655,7.4785009478,1.801878362,16.658656616,2.709395447
28,6.1332164295,15.560474458,4.1997410997,15.316332112,3.1248114146,11.232363116
29,3.1668779105,8.2581691281,1.1071168596,17.7659798,3.1259314716,10.820261915
30,2.4443549588,5.7690310669,4.1270954509,12.876213947,7.9755910859,3.5828034563
31,15.890554868,14.74234582,12.898526814,4.3427283317,2.0806956924,6.2895224094
32,3.412717659,13.088858422,3.1583243422,9.243516102,15.253667194,1.3039664319
33,15.967140194,13.984659781,2.533344765,14.802680615,8.4236250445,6.2855125675
34,14.377309263,6.4962692349,13.435454699,10.824072422,5.7935584337,12.650551403
35,5.8959022313,14.142034321,13.61406137,6.444075434,10.604914188,13.222052305
36,11.283242326,16.174939169,8.4651964083,15.653832247,1.8885911405,11.23165157
37,7.0982742123,5.6433715485,1.1556973972,16.851405329,7.7348310612,1.1721292106
38,12.628063355,16.881961448,11.035691798,17.567631864,7.2392864227,6.5039660584
39,12.489058025,1.5107381772,2.4963186125,15.998963585,5.718364168,1.9817378977
40,9.6023596451,13.572150116,10.6527111,14.535485424,15.487037566,4.1147980897
41,11.534650087,1.2952637374,8.3376216758,5.60872522,10.604939595,12.035576021
42,1.7339280397,3.3337526261,12.983784544,13.802637223,12.127192084,10.630574949
43,1.3484680392,13.38117157,11.97591642,3.2976920777,5.3059558496,6.0874373477
44,1.1444184408,9.652369828,2.5804313687,15.634535823,1.5384717025,3.1510296068
45,14.026186951,3.7277781619,13.349637758,17.898588712,3.796331346,13.897539052
46,13.899765704,2.7233092589,6.7079945668,15.281465507,8.7760076709,4.9723571169
47,13.684541773,15.203213186,11.018040614,6.9787827865,6.7238382138,3.6858638402
48,9.1827546433,11.954994949,1.410883202,6.3072471512,15.697318599,7.1431098292
49,3.9055876844,18.035712692,11.245972854,17.293621921,7.981720075,6.2492491137
50,11.179932531,16.252445861,1.6539142139,15.045856231,13.064592812,2.4082910256
51,3.2681443989,10.680182092,13.924898352,13.979084902,12.308775201,1.5946678806
52,11.110687796,4.7386752511,1.436377858,11.136722129,2.8033141568,2.8383798928
53,10.324846052,5.9136872385,12.991613616,17.34437191,10.456394479,4.1017314708
54,11.07466419,10.55179509,9.4717165173,17.774900928,4.2276624888,5.0778154877
55,13.496089373,9.3329624627,5.6131726096,18.77991294,8.9983918592,6.2125194725
56,11.642368257,13.589758608,9.0553990318,9.4312517438,16.10477883,12.102527345
57,3.1111336723,8.9663651166,13.502780553,18.867921289,3.0274907947,6.7600704238
58,13.79437523,15.925735104,4.3862769776,18.445735639,1.9578191862,10.804725516
59,10.816691246,6.7743544756,12.946064538,2.238571276,13.951662071,6.4782204989
60,8.4778889641,8.1849206821,5.7178710725,4.5247042356,9.7294170558,5.6522346502
61,11.50685006,10.476833308,2.2866039698,3.1038898197,4.5135918111,3.7670880803
62,12.600879468,15.11161773,11.203165481,17.424512829,15.632469915,11.206338782
63,15.728095084,4.4187856792,3.3257949711,17.467510517,14.931957085,4.0155599196
64,11.196011573,18.974613441,13.090685051,9.8836723478,1.0396394022,3.4932824653
65,7.3028631695,14.200292366,9.4971981824,13.753653092,12.408362888,11.940381384
66,9.0383993164,18.240196973,13.008678205,16.861196444,9.8027301095,3.3060863216
67,5.2017421797,9.7988402415,4.0557877226,17.726672341,14.262080334,8.1350954704
68,16.133742813,13.856167812,8.1421071214,8.8314012247,1.3619315028,11.766879224
69,15.374930516,14.733739675,13.622079634,11.18389292,13.201179195,12.840878409
70,11.296085771,4.2017555707,4.5359611737,8.1869493499,4.5114817917,4.7422880542
71,6.0825453959,16.343902722,7.9898387387,12.646610536,8.1238705926,6.6456704487
72,2.6120364554,11.004700876,4.6416083502,16.272556678,7.9691413268,6.177418842
73,4.9903506711,6.8389833872,6.8401118063,15.92345482,6.7979526669,2.0883333096
74,8.4359682575,5.4331452739,2.084396011,10.607118958,15.905168395,6.7369744116
75,7.6095889173,10.062611287,4.669166296,9.344966115,4.967063617,1.8608882027
76,7.4446936622,13.385035024,11.949136416,5.0437651649,2.2696346454,2.6822610169
77,6.0753760338,12.153037796,4.1089182706,9.5076538767,5.6617312245,7.8224935252
78,2.1726770289,1.4762832704,11.688413014,3.0180888199,11.163354635,13.96420695
79,5.615790382,7.7373277736,9.4952809508,18.961128744,6.4929795302,11.634259124
80,6.6319539435,6.1889724792,12.824654161,13.207179572,8.5633375458,10.539225457
81,16.126119919,2.1331772129,7.7435917505,9.4340862185,5.5527523197,7.3785599098
82,7.5616124906,10.539870307,13.541696838,17.129702309,6.2498676032,6.7224401738
83,9.5883116238,4.494754103,6.5528577508,9.7509906637,13.636864573,10.60511311
84,5.3225665018,13.309524252,9.0439424003,5.042013322,12.979773086,12.221476035
85,16.63839661,6.4511622032,12.160493808,5.5262019844,7.139627222,11.583708504
86,5.1907787398,16.996871997,7.3353799705,8.0410943651,16.944567371,13.528142205
87,6.0983190387,17.451834267,8.293526354,4.9863103828,7.5679609329,1.6208742792
88,14.306898057,15.703800631,7.669706095,12.232801408,13.25978129,4.8447844668
89,8.4305069186,4.9270595266,2.5938437479,14.840572006,11.99183685,7.1533050546
90,10.560958974,2.5716487961,13.207965077,5.8767115162,3.2698860727,4.6471981779
91,14.43354585,9.7423170325,1.8244893148,16.428654005,9.4451647885,1.1042772869
92,13.709787756,15.750570947,2.464081866,17.127775766,5.9527569935,3.296546967
93,9.7355816737,18.465611734,11.230092415,2.1794573423,8.3266383447,2.1715931746
94,7.0064890385,3.3737054495,10.357516291,12.164511721,6.5427539274,3.0249556608
95,9.6236728355,2.8681777441,10.286560173,7.207153501,5.0695869848,13.866324383
96,2.9000791423,5.8618433862,10.530649318,12.748305501,3.0474647433,3.3045412833
97,8.0446319021,5.1086535342,3.0434064365,15.185701978,1.6074466668,12.621176085
98,14.580228508,6.8644990488,13.10308487,2.9895787486,9.7269954644,9.2188245172
99,16.23011262,13.935912162,5.2228604888,2.6230381941,11.870260477,11.905901604
100,15.461713832,5.6456463006,7.9466346425,3.8488302319,10.153862648,8.8988328346
101,11.526247311,2.8767836201,5.583995823,18.437814707,4.4456000887,9.4635362951
102,6.6965362914,15.483459675,6.5082163825,12.853324659,9.8663005121,8.6433790613
103,6.8876185082,4.2686725869,8.6802898473,7.7697752481,4.5849651173,2.995019384
104,2.3736632988,18.546019654,12.924044083,6.0124148219,4.8063927256,11.516155479
105,10.391580641,11.745783107,9.5675710053,12.539788699,7.1009143963,10.823817347
106,15.02909147,4.2074834406,2.1918271976,3.9515335993,12.307760831,3.2179818146
107,13.805136889,5.4410616211,8.8644353778,2.5585823939,7.1961260475,4.8364417902
108,8.5580152199,8.5338752996,11.732835563,3.9154873756,2.3237517551,4.4004620379
109,2.5338117033,16.194879633,8.245500895,17.69207324,3.9197606035,6.7554742335
110,1.532418672,2.5825209208,11.301807275,9.2349813632,6.7439994924,9.4102908226
111,8.6571618095,13.2253637,11.895696554,9.1477201311,15.75498822,6.7076635046
112,16.261698939,16.155395148,11.770712773,10.058885011,7.4124655165,11.382983377
113,8.104648944,17.062785037,13.626693686,14.127627875,4.3669985533,10.57533265
114,10.057236467,12.189564932,2.2799409817,8.0233434513,12.888567157,11.852237438
115,11.164457791,17.4803997,13.924726082,8.2082146113,7.8288690299,1.2141262619
116,13.915029395,12.697483831,3.5907881565,8.6506575402,3.794213742,7.1310822465
117,13.127346385,2.9606808801,3.2276956551,9.176156953,5.4131744169,1.6084338413
118,7.8683733009,1.9865985555,13.337030317,5.37404007,6.9399596378,4.9975300545
119,7.2675487474,4.6396049988,11.141111462,15.301528967,1.4673424065,1.768096871
120,10.145445559,11.672103563,1.6383593397,1.1456395239,5.8056379445,2.5514966322
121,14.861252353,2.6319857207,2.591174826,6.5820635124,7.2267063782,12.274278263
122,6.046509102,3.1992022721,1.1308216034,2.5517452378,6.2463515475,1.4823015628
123,8.6847597733,6.3249947624,10.180087553,6.8673778428,8.1981599368,13.188256406
124,2.1390864514,7.2692335807,11.157400816,8.7987054531,16.718304317,4.6857496249
125,9.8574788012,4.4955837312,10.862808645,11.958756445,5.4852286503,5.9482968312
126,13.789982505,8.8908864264,8.5039133939,11.899352267,3.0347970016,3.0639718818
127,3.1465827376,11.233922924,7.4983910993,13.821426278,11.019521367,2.7364247686
128,6.3051510155,17.431387624,8.0879184622,10.348285117,16.745344445,6.6598747291
129,12.281028282,12.365939717,6.7381576295,3.345647125,13.643279381,4.6446190642
130,7.5202292837,15.183724037,1.2501621943,5.9560968773,5.0718613751,4.2975403087
131,14.515556842,18.998678245,10.603477849,1.7393035279,8.3845691979,12.053817
132,8.4714515358,8.8454803871,1.6512928521,12.955978606,7.3997496255,9.9822641262
133,2.6423811764,11.844127897,10.86264327,18.454284338,11.225064494,6.4023199521
134,4.1792549118,4.6459742519,7.4688674356,14.337839481,13.734918833,1.3413085851
135,11.298794936,12.701872562,1.7855978857,2.4971218123,11.013691157,9.3452473048
136,15.304008532,2.8011810831,4.2664501588,10.42148934,14.74981378,4.1246167452
137,14.28667121,18.071475913,13.048231096,7.9603606323,15.457554139,13.826308283
138,8.8843850382,1.6560234651,10.087630979,14.229331646,15.730171312,2.7211215484
139,13.466757406,1.0906864717,1.4287078935,7.3375204555,2.3015620001,10.187192447
140,7.1392029636,5.0384297902,11.2192126,17.233213156,3.4908551201,2.6588083904
141,9.4730335623,8.5406276979,6.0310356782,8.4866915089,6.608756423,6.39297029
142,3.1738276407,18.754478428,1.1662730882,5.4116200479,5.5849503465,8.3110905653
143,9.4671151601,5.8651270261,9.9032310126,14.663685062,7.6473174989,3.7858440238
144,8.2811021395,3.3863604427,12.938636723,5.0938257505,11.062948968,12.341797178
145,6.6303921454,3.510317672,7.1704702068,8.1023968975,13.415743183,13.607049803
146,12.206273571,3.5580685153,6.8275811577,12.588825951,16.093892209,10.41221005
147,15.453883309,10.919498805,4.8490263945,4.531835366,1.3223468103,1.3839728851
148,4.6971263289,3.7599565899,12.689619228,18.044037074,14.916563381,11.14310338
149,10.156287521,12.286458421,7.1548442603,1.952086593,1.7467227504,11.490067056
150,15.856648538,14.112937651,11.945982184,17.929086611,14.034233373,7.4784922427
151,12.469007153,3.3948365753,9.7841156337,15.028393013,13.510680009,12.428934898
152,14.818783756,3.2132931566,6.3872334508,12.142085377,7.1946636774,4.814511619
153,9.55747886,4.1567433551,7.8271647196,2.2744215936,9.61103075,3.5445658036
154,9.8460905515,4.5585227548,5.3364453199,14.349098615,4.0252120905,13.40914449
155,1.7995814495,4.2489820882,10.352364398,12.063140959,1.7353897132,12.056773586
156,12.511904776,7.795232798,6.7100531922,13.819913445,14.546162587,8.2921585862
157,10.385932952,5.8568640747,4.3340540968,14.936771038,7.6888516732,4.6774663129
158,1.3634945527,1.8820152949,3.092387262,2.9437942202,12.514716662,1.8318586426
159,13.465983875,17.085849432,4.4061391917,17.232241773,9.9880725071,10.829455461
160,13.138303183,5.7223819494,3.391825879,10.686741443,12.62936208,11.020292219
161,6.2307298295,6.1374630062,5.4812622608,6.3913211185,16.521234326,9.9368618994
162,1.3359764665,2.7824118561,13.802231186,3.7933196658,9.0868159197,8.0477187207
163,7.9182668887,10.770201976,6.0637509313,8.5566117275,10.20393778,3.8262873499
164,16.708174065,12.380057557,2.9283134062,16.827143583,2.6677261367,5.8213541971
165,10.64968944,9.5271692439,5.0848277623,15.307438686,14.291926757,7.7832149898
166,9.849377986,8.4064806309,13.008663849,4.9211336258,15.247324754,8.8968187424
167,8.9341229871,8.1440045601,2.9129910143,16.322229521,7.3177896999,2.7178516921
168,12.639918696,13.626672741,2.9568789217,4.6792345657,7.7958828807,7.7400403081
169,14.874672085,13.095898839,12.188434847,11.327030877,15.478776567,4.3716855515
170,1.8556575626,8.3582813139,12.393032847,6.3677147371,5.7335604019,11.507902929
171,9.4778780937,15.896096234,1.792152124,16.839185935,1.4371009767,8.2586145625
172,12.844226353,18.638006691,2.1103791408,14.663319757,8.8449829333,3.7076472812
173,6.921412956,1.6679249797,5.897231038,7.5664224653,10.828772251,10.656146858
174,14.913082793,7.7584169479,9.6291291316,11.095672651,12.673771389,4.171184374
175,2.7657297105,13.825962044,8.6993284121,2.9361328254,10.242045328,12.352371295
176,4.8924052678,7.6797804218,10.314498231,6.8108387836,10.48421675,13.090143097
177,14.344818398,14.175354486,3.3920420045,17.743587323,12.949493419,6.8890806306
178,8.6300591379,6.8720613318,10.342518102,5.061572866,5.4436732195,7.6795314336
179,11.877144143,1.7557867584,5.6738681952,16.929413577,3.3953577764,6.4291507551
180,12.7783111,6.9132379005,4.3179438293,3.0839668908,11.844303131,9.3518462458
181,1.0672686473,14.035219039,11.470383687,7.1443689391,9.2563631572,11.512121693
182,4.6239653863,11.129275609,7.8196005719,4.2018986749,2.7291729376,9.7709800098
183,10.620028127,1.2881868379,6.7172504587,8.2682699375,13.64465265,2.3971545415
184,7.1541601866,16.50637177,13.574795971,12.556194393,8.7175480165,10.069333737
185,2.5328902788,16.333203096,12.261208221,2.3849945539,7.1945696101,12.050468498
186,2.9022629447,16.323578199,11.856267141,9.7336240308,13.530630242,5.6007410826
187,6.1646298952,12.051635916,9.6035119446,15.861820675,11.293159094,13.935057816
188,3.3891435377,15.318000211,9.2690136104,12.095954173,5.5476516597,1.9922095123
189,12.658698879,5.7450250825,1.9599949794,13.816922346,15.259391442,4.5663664802
190,4.6071021706,5.7320302241,8.3835491247,12.212238583,14.221329387,10.807498136
191,8.7026678659,9.3873766172,3.3676858151,7.6352518504,12.933327764,2.2728621478
192,13.565884426,11.114121773,1.4430982857,6.1146579976,3.6713131852,2.5022930766
193,7.2173731662,16.295965331,6.1943285686,1.87225539,8.995884873,8.767124125
194,15.286879439,2.0592607711,10.783667457,11.98963557,3.8302873299,7.8244930645
195,7.4138729759,4.6569304471,9.6119162347,2.8945478108,6.725760866,4.3526618604
196,6.4902424738,4.7960110772,13.110158734,10.387541668,9.0096897706,8.229442413
197,7.6225684322,12.886842519,6.6149568809,2.7328427183,7.5015591756,7.8713245788
198,2.4209485017,15.388479536,7.2526101836,5.2535373163,13.592292693,3.8158896347
199,13.118056413,13.592537511,10.98609477,10.72833344,2.3772957325,3.7966531748
200,4.940124061,9.9705330045,6.083791221,8.3829009291,16.73808689,7.750890227
201,8.2193408422,15.229208456,10.09289591,3.1200650572,4.6978787556,4.8715710784
202,5.7626877576,4.1494519333,4.7831753965,3.2184870616,5.8013656251,12.049981747
203,4.343972262,14.658565558,13.343148169,10.119829528,3.2956159376,12.798134447
204,8.3417654894,7.5413553528,1.5235962395,10.180146826,4.2655086294,11.038657597
205,15.702067517,6.2111041779,10.264924231,14.799916398,1.6234225631,8.4150945111
206,9.8707742468,10.358322111,10.085135665,6.6019737092,12.823445864,5.6081226235
207,13.286005657,9.5741546769,12.818340708,11.656721668,10.948112402,4.7296510378
208,2.518926464,1.1644361806,8.4339734577,10.047647042,12.181837283,11.13584407
209,16.110465977,12.358821281,8.1953374206,3.1571821696,6.8190959431,13.228311815
210,3.6733609289,1.8201321815,11.679468801,9.402326542,10.928475607,4.980222991
211,6.8670625687,8.1322032008,3.2192186734,14.287561779,16.488699559,6.6005445716
212,10.942057204,16.263211259,3.9764945102,13.116677129,7.794339601,13.557597932
213,9.9696431383,3.3779796376,13.669683185,10.105818066,8.7418724597,13.729554658
214,8.766304642,15.043780641,1.8499397554,2.3505453719,15.134772718,5.0383850615
215,1.6523219533,7.6205189079,3.7236554215,15.679009992,14.117617056,9.8979509263
216,9.6682995893,5.6457183682,5.9394099514,6.3254131954,15.128832038,12.598431391
217,1.9417997003,8.2700655758,3.4246150707,1.6872329535,9.0713921972,1.9357323423
218,12.707500409,8.4721802175,10.6898662,4.6389870597,3.3597743772,7.2210355764
219,15.676535312,8.6545552425,5.4807592069,18.132370134,13.417416058,10.372494439
220,1.4580260552,13.387514596,2.1190469228,5.3931079735,16.498525523,11.87822736
221,7.1499717124,5.4402462714,9.2818261811,8.845334521,15.739158843,6.5065452447
222,8.9274290726,1.7945930632,4.659060915,13.925623904,7.8464319482,5.7132645305
223,3.2130497433,7.9211612288,1.034291652,14.06095626,9.3222571388,7.3671971422
224,5.2980037779,13.585148436,7.8884722209,17.594326034,1.362262886,3.1508692531
225,7.9068033211,17.900906694,5.527767465,17.494954381,9.0336067788,10.54795024
226,5.8053074107,5.6813004734,10.946345038,16.459818487,13.411935996,3.8946766998
227,7.7511741295,14.750876284,2.4821692563,15.542621935,15.302756492,7.6526881633
228,1.3565133773,18.282956699,4.95992019,15.424866937,4.0262784399,2.4780041608
229,7.3950419128,2.8533644569,7.3210098699,9.2582857949,9.1668567397,4.0499834009
230,5.2919600196,11.175816914,5.1458638899,3.9219441484,8.9307725988,10.326274907
231,11.144032743,17.210036447,11.281671438,16.877807142,11.928099703,5.7885631681
232,1.3712431826,7.2223131242,1.4274828846,18.961649788,6.1095725372,7.9840952072
233,14.388680041,8.522548947,9.896154691,9.4145486392,3.730745364,9.3265082962
234,14.503527582,17.774498915,9.1614395862,1.3308142093,2.5968978554,6.571079198
235,12.819446083,16.244145224,9.0400689004,6.7042200239,5.5939910673,13.296419808
236,8.3807513155,1.864251188,5.402476927,15.187298504,11.520325389,1.9629934954
237,9.551859349,3.0910302117,7.2104656061,2.8542850623,12.53755153,2.5913632654
238,7.4355330504,5.0066477046,13.793614076,3.3225092962,13.349301953,11.589164889
239,13.136335589,11.482209288,3.2402925391,12.032039182,14.923942216,13.520516344
240,16.824474823,17.245256224,7.3963259691,14.596721559,16.055209059,2.0101428961
241,4.7277582623,12.984580971,3.0220311712,10.947918084,5.6477367729,7.8237987806
242,9.1628642604,18.909396614,12.998629192,5.1270398214,1.7642462738,8.7028335263
243,3.0073978826,13.909377772,8.3487498816,11.169946728,14.617751207,4.5541828752
244,16.321128577,3.6430389648,3.2085085895,8.0999694271,11.333707243,10.594176246
245,14.546094798,4.1897133742,12.696733935,13.595680243,5.3039413691,7.7731211984
246,4.6749452949,18.702135802,5.6404108801,4.8009325075,14.635125708,1.5024712179
247,10.081193298,17.949452016,2.227188169,9.9626824888,7.5951116048,2.2957245819
248,4.8960600272,2.1411624844,10.244224003,5.4733695788,12.993009094,5.5573294056
249,9.751713559,5.9390141983,8.5453971517,1.059681661,13.561584286,5.2807722795
250,7.4016397148,14.186836771,12.184152823,1.7397495373,14.374335978,10.854911885
251,8.1863136403,4.215103542,3.3072769581,7.2307530511,13.854274273,12.567592998
252,13.527479343,6.455112284,7.732672648,15.347458468,7.447171744,4.2778354306
253,8.9491173401,11.295819733,7.7318024405,2.4356926,9.684535712,1.9544819416
254,7.5384837911,15.791866765,3.9951987045,18.568374257,5.3431474827,13.10335707
255,10.719830532,6.4809758868,10.025369636,14.811324658,13.134164248,5.5331313179
256,13.650938492,16.723979819,2.4389130448,6.8720766832,4.6296640635,8.2542406602
257,2.6659544185,2.8906692192,11.338795338,5.1654906664,4.4589911141,8.9334416224
258,9.4645397551,2.0022463072,12.633204068,15.325003865,9.6458710767,11.827551112
259,9.8431690037,14.012377565,7.8918223116,15.664665412,3.0804423913,12.498480367
260,12.026448686,11.326653327,10.198195319,8.7691341657,12.524776705,10.58245845
261,6.2745723799,15.996043363,6.5042441213,5.4405709361,5.679637976,9.3765570368
262,12.75136476,6.2494825572,4.6360115851,1.6639774134,14.583632473,13.127353403
263,15.411216311,7.0301120235,5.7767438353,4.7509440817,3.9744579084,4.0778673964
264,10.457641952,14.192368496,10.261845199,2.5592857571,12.336797457,5.4725159698
265,3.3962652571,9.2328213593,6.5620841314,2.7382541546,7.9979462661,2.0475396134
266,11.708170742,17.360531113,7.3705136748,13.989952114,12.754180472,4.4406699305
267,10.01753984,5.6848066989,11.203849885,4.1907599135,15.70978361,4.2813926965
268,6.5302485824,7.0975294057,3.1572822428,8.7849971731,10.785190746,1.8070668969
269,11.048271008,8.3755678367,13.846642109,13.722299359,8.7101754583,13.207124892
270,4.2680401132,12.461676604,3.9936092964,5.61468205,15.717722688,2.8344063784
271,7.5429387353,17.986773458,12.971341034,15.832753601,15.507527657,8.1979083286
272,1.8135641627,18.881268456,4.4215045793,3.1456121844,11.015154958,11.742521739
273,15.705742009,1.5195833147,12.304309805,14.767107412,4.1298637018,4.6729274169
274,10.808719065,11.17511547,11.676902445,16.641399947,11.047066007,13.167117752
275,8.3573425487,11.830390633,12.114554951,1.5433285758,2.7639818341,8.4584854788
276,12.084381111,15.758386862,6.1643657528,9.3495079833,6.6502827741,2.1373226072
277,16.703863919,5.1257057199,12.71712244,14.53481074,11.516042668,2.2737478768
278,8.5466885306,6.8205941706,5.9735640991,7.747808849,11.018616807,2.4830156309
279,15.208360046,15.499031613,10.834293958,5.2812112342,1.8078535162,1.0995858645
280,11.885618266,4.6777098556,1.7084380214,12.007555219,7.1228902079,10.96639271
281,7.0494903848,17.335046184,1.4481261489,14.8181348,3.3316616043,6.7650175411
282,3.7310841456,9.8626701231,12.574931988,13.619915196,5.5228687301,5.1843409776
283,4.6146273762,2.7601105161,2.6967218004,14.63317112,4.3135011122,6.7130462236
284,13.740769796,4.4410917298,11.458472218,5.6356528341,3.9106918387,3.4219641734
285,13.371124782,3.5347701311,11.049706664,18.280953965,4.2015616447,6.7293723321
286,9.7721181028,8.6155313938,5.3582962737,9.876015781,1.0713877901,13.321610989
287,4.970741801,2.8320374461,9.6333477802,4.194138709,4.7407236509,12.644663899
288,14.695844416,8.7630633418,3.5894092259,8.3125761077,11.749591742,13.478498381
289,6.5987409465,18.196752999,10.665470647,3.5754207983,3.5287681445,3.8468282025
290,10.46415418,8.4317498771,2.0375398465,18.970270349,11.335571196,13.361358224
291,16.769027766,17.515878675,8.3509596896,13.263622117,16.715107858,4.0587702692
292,8.9819857031,18.22601134,6.2828927585,15.507949861,8.6888742633,9.1174504415
293,7.0478897691,10.969494775,10.484741495,15.421325893,11.143166307,6.9756394576
294,15.373678166,17.349352743,4.1125431431,13.019189648,10.285026923,8.8925762516
295,1.2450209744,6.1360422149,2.3344975421,6.0187325473,11.200179987,5.3229169538
296,2.3221858069,7.4562746519,8.6923174632,16.817702899,3.6409471631,5.4009799331
297,10.293326262,7.6874596071,11.765254807,16.520224822,8.4460476004,4.8086596343
298,13.561728153,12.227588861,7.4462916362,11.507267687,12.912634365,11.373060348
299,1.8975459635,10.599220703,4.8079089611,8.021949566,16.26836057,4.923658056
300,6.9133903719,14.340511908,6.5154792941,4.1771287848,14.510624599,7.1178794731
301,16.510355189,11.433244334,11.500921882,3.3185476484,7.1910324395,8.6011643559
302,13.095483102,5.9397190199,4.8786058209,1.2035684618,1.3636810295,1.7003032193
303,12.392181411,5.1204959522,10.899866234,7.1910188864,6.1289414614,8.0584190947
304,13.490511157,5.6356480271,9.1603140379,4.5055622235,7.2582349442,9.2696674019
305,16.604736626,13.966498108,1.716402557,15.199784024,14.195567828,3.9603089329
306,7.3036562465,8.0535853999,8.1421394809,18.33959922,14.909818817,5.2646499441
307,6.4557242319,13.716776812,4.1444557498,11.759042134,15.536066864,3.87345792
308,15.704898894,14.477770514,2.4190501678,2.2274391656,13.308287576,8.7309936597
309,14.509015907,14.752078018,6.2785006259,17.885611163,10.155881841,5.3109647264
310,3.5291151963,5.9768177676,1.43246412,6.0036099553,6.0335081816,5.23699189
311,8.0080498047,4.8573694541,1.4820179336,15.75505775,1.804910779,11.016763411
312,10.292898968,4.9280206123,4.2324954288,16.942681916,11.809153039,10.896009684
313,6.6064849012,10.633247877,10.13919208,17.872323093,1.2452119961,12.657807108
314,3.2781841904,8.256733417,1.185753738,12.241253907,12.801164988,3.3336429901
315,10.43259199,6.6841078401,13.908992016,2.2661730004,11.014583189,2.258639083
316,5.7004846856,7.681519499,2.3831074547,11.982920722,13.523954201,10.034336278
317,11.65891929,10.272447221,12.518076156,9.888795916,1.9318961315,9.5087323454
318,1.0369337946,4.5414218996,6.7013043344,3.2909676414,12.166100357,6.1110491173
319,15.634289,11.456064241,8.7796111393,14.437499907,3.3902850077,7.1907723933
320,14.819117926,4.1996029052,12.220094347,17.649075293,7.0291950591,3.129198869
321,13.733613763,16.967299038,9.098879968,15.632358397,16.050896905,3.441371829
322,4.7060539499,2.5535432398,6.1420398762,11.491264664,10.341771152,1.9960792256
323,15.818624802,18.85155015,9.6680216019,2.4040080756,4.2291225381,10.789226429
324,1.7442046665,9.2326924331,7.1379645686,14.143675473,3.0351840034,6.9790569823
325,1.6997458898,4.5433068597,3.976166602,4.457696632,9.7284184545,10.074246828
326,10.466085833,16.083806323,5.3093475958,17.630937868,16.401460566,12.87130737
327,12.09119948,14.88035715,10.478601913,10.676199159,7.575331185,10.041526268
328,6.7666927539,2.8731404846,13.973724472,15.069085733,12.510830227,8.5373120073
329,5.2159298658,16.221963125,8.4509386958,12.923031625,11.000361063,6.6431064024
330,4.0183178,3.6986283627,8.9221155397,17.919318303,1.9753787629,4.0567255609
331,6.1902408004,12.665328947,13.787342344,4.7910198844,15.38753169,6.8121963895
332,7.669035051,3.8483461896,3.4752521513,10.593451544,11.249708619,7.5456864492
333,13.422650669,8.9470974891,6.8894025791,3.4075921723,6.4304238148,11.33736089
334,16.586365901,17.669326486,8.1927006857,11.225067452,8.2024863362,7.7569283417
335,11.537654962,10.417061336,8.0034921388,1.6266105874,1.4458101057,9.3312633389
336,5.543671459,15.943719815,13.630414713,18.649551354,2.9483371489,3.720139323
337,2.112705972,2.9592583245,7.3920652601,15.075239504,4.7078945003,7.3694836674
338,5.7194610797,13.283740785,7.0637436952,2.8074701424,1.7064415105,8.1675950126
339,9.6098784655,10.580168222,9.9208994124,13.518620034,2.361309167,5.5262229231
340,1.9578193948,12.865940739,13.792517297,15.484971884,16.355706196,7.585828058
341,16.831525207,16.384127458,7.152409758,2.881531348,5.9861028381,4.1019997995
342,11.745559797,2.4223163482,4.2890647769,7.3590959436,12.310479235,9.459022013
343,8.17695513,9.1117616198,12.676726214,14.695280386,14.358835585,9.7919478952
344,2.873889897,14.286890464,13.161903099,8.7587253926,2.9337194599,4.8707433247
345,1.5740722902,15.633866918,3.4817697653,11.778312033,9.0360385627,4.3283021327
346,8.0458514951,1.4630574654,12.576285463,9.9455622882,14.427227188,4.2611706264
347,7.5823780708,3.4670600235,12.938504576,3.3103576237,1.7810898535,8.6824305747
348,2.7172864936,11.462370982,13.078533854,15.383111681,9.8388842307,7.7005933737
349,5.6976714768,8.057401123,2.7961729602,1.6515703066,2.977188874,9.2034823028
350,4.9651691355,10.268272609,12.09930079,18.29045486,4.728880439,12.853107407
351,9.2878016382,1.4369358593,7.1849195852,15.09377765,15.367712002,6.5175521909
352,10.321397834,9.0362686678,8.3696382651,12.578509458,11.450142909,6.0926269782
353,8.9764799401,15.243615732,7.6001386971,4.2639723425,3.1561480202,12.596910216
354,7.5590117648,3.3440654641,13.529667827,4.936859258,4.89516294,2.5917388215
355,7.3466546722,13.43806647,6.5225361777,13.994228281,5.6463807337,13.784411879
356,8.6271136254,11.993909636,10.755650436,10.901570799,9.7647288181,12.225033915
357,9.4672992751,6.1678674212,10.608645901,15.131745299,15.558170009,7.5221563547
358,10.494662862,14.658924069,5.2427889716,5.3536317786,1.1070854999,9.7513636232
359,8.6814423166,6.5711857802,5.8164288728,3.6611386035,13.529388327,11.960191028
360,16.230901394,11.506669148,9.4019872977,10.913891337,13.502561964,10.939783085
361,10.189989001,11.344801354,1.1902085103,3.7722432236,2.6949555911,9.0024475341
362,4.8779289052,18.090704917,3.3195030624,17.500810029,6.1396435238,2.8177554612
363,12.291440446,11.384374658,1.9795321911,12.613169412,14.199048404,3.036082438
364,5.9036780335,2.3132538153,1.1658647428,12.677067857,13.96047996,12.539174536
365,3.6390474364,18.210548769,6.1067761618,2.8831817154,10.261232778,11.219236094
366,16.481815193,7.306530158,3.6793270635,12.542325352,11.570327096,3.2082832928
367,15.894814156,3.452892038,7.0559064304,18.32349367,8.261288628,11.6755779
368,3.1439753659,1.3891160246,6.8727274383,15.827385729,1.6015601158,6.1068550856
369,14.483219631,11.251404531,12.418792878,13.124474465,16.074402101,3.3960776862
370,5.6549872383,7.8696691189,5.5558309315,7.9322096081,3.0126558915,4.0549293044
371,14.521742411,16.548712744,7.3927422368,13.511393534,16.501748927,12.710885504
372,5.1330579109,18.603876168,3.248912428,2.7218934465,11.311332494,5.0979244253
373,9.7904747985,4.5981532228,13.890711606,13.445126501,8.8503204361,13.219516753
374,5.0454523265,1.6518222624,13.626805232,12.284213772,9.0125668533,3.3409953164
375,4.1848741286,15.809010904,13.817967599,18.71757834,7.9453485347,1.6297946384
376,4.1316094808,16.438748591,1.6774303548,4.6941337674,13.688488629,13.542061661
377,8.2109286226,18.516840292,8.3604075077,18.734810368,9.5075401515,11.681403688
378,14.000225808,14.986776378,5.9510333263,12.31938749,12.52935563,13.86421383
379,8.4730654657,9.0780967535,13.535447453,2.3039795957,15.546393394,12.903060631
380,6.3009930924,1.4710285421,10.124969028,15.019230395,7.2461351193,2.0662663302
381,12.758967523,7.5083763441,8.0815934283,13.137217443,13.115667131,5.8960081781
382,9.0342292674,11.402013602,5.7094874282,7.8051770921,1.6866188385,1.6979468174
383,9.3897923604,17.883301068,3.0793206249,15.899879787,4.8571729772,4.4069384239
384,3.342936635,1.6686175638,3.4089868087,11.935567433,2.1758467183,11.439316344
385,14.9112272,16.025472296,11.972495724,18.109334958,15.067261197,3.9167788173
386,7.834117692,16.800005801,3.2149227748,1.2992895404,11.508598845,13.989906717
387,5.9202818312,18.078548911,12.667790421,2.9175329967,10.035852719,7.455591907
388,4.7272725478,10.184160152,6.1856833273,12.687094059,5.9207970165,4.6609268514
389,5.0221032165,6.4629152115,1.8711548394,13.452700879,10.273673844,13.825130229
390,2.4230224937,12.675883645,2.7717903166,10.268240289,4.3311676979,10.818792423
391,9.503487505,7.6122853057,9.3761665041,2.2100791209,12.570878159,2.8270908156
392,9.1934809536,11.725790826,11.198209834,10.101830212,4.27740274,6.8939132169
393,9.7536901012,15.250049513,9.0211676192,17.397940754,12.457482122,1.3922643331
394,4.0741416514,17.589657942,6.6235083218,15.572063726,13.681286193,8.9416451934
395,16.703500539,5.1109771151,2.9006222934,15.299211747,10.420266677,11.442553105
396,2.4592807479,8.9861736367,1.5478512854,10.713857386,5.364273943,1.9944201799
397,4.9757096842,4.8247631928,4.485033911,11.516487139,16.882257465,8.0852839157
398,5.3681404665,6.0804920737,1.0506221675,5.1172956116,6.0138362907,4.1096683959
399,3.3324018829,3.1917798747,12.052891729,18.47240952,13.075945798,2.2400276328
400,6.2609926835,12.503588894,9.6048017452,17.312819682,4.3168781623,1.9030382072
401,10.395766966,18.370773408,7.3961962527,11.082621299,15.369413227,3.8084896756
402,10.549654771,16.418483224,2.6286167153,17.357914283,6.2060315795,3.8629276219
403,4.4175524823,1.1351937614,4.4811366417,11.670161815,13.933570575,7.5770022166
404,12.995005064,15.386963631,1.6311552417,3.0176297305,13.400280278,1.3842728559
405,6.4467415139,5.1793607925,5.2265996714,1.2353837062,10.953057133,13.051910711
406,11.406693265,18.292732429,13.180565363,12.181396356,16.662573371,13.703083136
407,14.941195935,2.9731513793,6.4048225454,2.7734620664,8.2880089544,1.2378826851
408,7.4456162341,7.1242758869,6.3105869647,16.989066631,10.697628248,6.5783130161
409,10.700659033,15.983386794,9.8107476637,18.068848786,1.5158370584,4.4457193778
410,7.5092785843,1.1594998473,6.0187916735,8.9033495076,13.301336147,3.2632507412
411,7.1256069951,13.009636315,5.9359940945,2.4299208592,1.6811172776,12.762934522
412,4.376429826,12.679139474,9.7847514763,1.6699739988,13.264143124,13.536639291
413,5.1390026659,2.4118796047,11.465460726,1.9682487757,12.836099636,11.409127241
414,10.179079339,2.84243702,4.0717690454,15.920238303,4.4750760682,1.4226269526
415,1.7093674652,10.14234596,11.944662893,12.55345649,13.811386768,9.2571883663
416,16.627810191,18.676637646,2.9932885638,6.3089387072,10.683815718,3.3456302497
417,5.8385987319,15.825926364,11.507737944,17.517849201,5.9598335735,7.8283444929
418,14.425142046,7.5584252495,6.1648161889,18.31237676,16.963180367,11.16886703
419,13.236612242,3.3981671748,4.6789148871,8.1741765952,10.568408683,3.0271040974
420,12.734609656,9.7805990409,3.8774204713,15.161950166,7.1055462286,11.336552399
421,13.527754616,6.2762556425,7.7112944045,2.7785739922,16.049756512,4.6846687673
422,8.7117900737,3.9170954353,11.761187847,12.346606685,13.730865568,8.2435846077
423,2.5861938335,11.501714073,8.2164487974,17.842271568,13.981851954,13.227352589
424,9.2631288692,18.145980957,6.8808250169,17.785641389,6.0507861041,2.2247604316
425,4.1581805833,17.993842533,7.2339450349,14.093913115,1.3408809304,5.3432752814
426,4.5889691189,6.6473147552,6.2583399361,4.6858218531,3.3682675287,12.441382583
427,7.6886420399,12.834039903,11.912370193,5.8023926425,16.478496622,11.794613538
428,2.0270101391,1.1930421451,11.561005633,5.6585253756,12.280883975,8.1223430634
429,12.889087155,6.385819912,2.4134259587,15.970346355,15.441629265,12.57010603
430,11.246802188,14.615064118,13.230221997,18.56927747,8.2956703193,1.7304583064
431,7.1630871259,9.3872968676,12.42702228,14.563311067,3.7458789274,6.9385166534
432,13.264823638,4.480320822,1.513434106,14.828665441,9.9276340455,8.6660958973
433,11.717597555,15.312798678,5.729367903,5.3072199444,5.2430788241,12.874639957
434,10.887119781,17.699270948,9.0755856037,15.631346111,8.2833531871,4.6182761418
435,12.195839025,6.7470590216,11.789351933,8.5185808744,12.956863713,4.8108245095
436,5.4651787579,2.1712889094,3.482512251,16.42037367,11.86807828,11.491516896
437,4.8644012325,11.038530238,1.0785698621,18.259533542,2.9783990309,1.4536030164
438,4.3502625637,10.132000847,6.6027435134,5.0362418243,1.3797407262,3.8492718367
439,12.398737915,8.5615313263,3.3880061987,7.9354219683,7.2129662186,4.2755439868
440,16.156335238,14.818602187,4.3538372873,6.1179198404,15.858625934,10.005259334
441,13.292295534,13.116626255,5.6491035514,10.289420524,3.5552130342,3.2735882443
442,3.6877144873,13.851952842,10.624317377,14.866878923,10.620222963,1.4023639632
443,1.886928305,3.7987953913,3.4347317326,13.809817886,13.147753347,3.7060489138
444,13.668052826,4.0483978647,11.053165726,17.179778544,1.6643620245,9.3689820834
445,10.842303637,11.945010447,7.2076275891,5.2459123703,6.7743982635,6.1060650276
446,12.931321938,7.9990723138,7.783370879,17.816901081,14.686908819,8.6037587731
447,2.7628550418,12.706988628,5.233201609,2.9482240225,6.8225384243,1.2407062158
448,15.678076807,17.548524146,9.5985328371,2.4488335466,2.1567509398,10.511356741
449,16.030328467,10.730052979,9.2719105319,16.64937845,3.4281553403,7.5904599584
450,2.1359823309,8.3827844583,9.9274218117,16.803483914,4.1513399743,7.2689838763
451,14.703728043,15.551886444,6.6922418398,12.163292145,12.794308502,7.8211747673
452,2.4181448892,8.3781153359,7.3893865405,13.943803174,14.88604055,11.19335043
453,7.3291929401,8.8143070792,2.879597822,7.5403363691,5.906475272,13.874676712
454,15.925759286,15.028861545,1.3006887089,13.37381578,13.373650227,13.463690602
455,5.1554706208,5.7613094356,1.893095904,9.5958336983,7.1436374597,2.2968786033
456,8.5840888247,2.5264984174,9.7066688712,17.339084124,12.573036164,2.8564502089
457,12.717320316,8.263328068,12.897115811,2.3654408855,5.6521818452,12.061411863
458,13.15877689,8.7161786132,11.736734782,4.3468883331,2.4803264439,8.3094485302
459,9.5628766641,14.085563336,11.192321446,9.7323103142,12.186636467,6.5672477798
460,3.9681713432,2.9268452283,7.583031042,14.286547569,1.7273256965,12.748396546
461,11.812443253,1.8209115267,11.11645548,5.1973560555,14.712490972,1.9808804269
462,7.0219038539,1.4539964898,3.1025951032,1.7206349592,10.668956526,10.628728179
463,14.509684585,4.0796771701,8.6468189268,16.132123368,16.247204594,3.8230989962
464,8.5193031132,10.329956548,5.9820388439,17.023755384,15.852199249,10.815414494
465,14.282011662,10.177080411,2.9020252205,7.9137243391,3.1908630989,3.970241853
466,1.8999559917,13.689649801,5.6845147253,10.598838463,2.1618864536,11.641746712
467,15.736568157,3.2732245228,10.532414283,17.129368496,8.2430687882,2.3158207252
468,14.209184442,5.4807362659,10.130318976,15.021773627,7.6339402162,12.053003917
469,4.6427403577,6.9936676887,7.1580769808,9.628307865,5.6738576367,8.2804907023
470,9.9374869838,10.343008445,13.369783057,13.798741797,1.684870027,11.7910716
471,5.795544222,16.985923987,10.610188524,1.7080622427,8.2794250809,9.2912436586
472,12.855695624,6.9845226258,4.0976351108,8.594822892,4.6435089856,3.4071368931
473,12.199228119,6.5666487147,1.0482898196,3.4773799777,2.372820273,13.361982849
474,10.431404214,12.159776084,8.4043558997,9.4532474168,2.6877170056,6.1965302769
475,15.137223542,16.051919259,10.877370978,2.8490933911,5.2906488888,3.1152497386
476,3.3896278553,10.703095567,3.4661996299,3.4625918362,16.055393703,2.0887405381
477,5.5187462606,1.632470401,5.6679763657,7.9411235023,16.507266667,12.555427693
478,2.9671620317,6.1191738192,7.0274596228,7.057617289,6.9157670848,4.2010575966
479,7.6189907044,2.189246919,1.6784521656,2.4348396072,10.326803192,6.8204728488
480,16.138431866,7.7121292832,5.508549962,14.970947384,15.136902682,13.56439933
481,6.8785140067,16.116803776,9.6536121438,12.541591253,9.8893898278,11.739632066
482,4.7730821334,7.7364402683,12.332318254,9.0786046213,9.2116226144,1.5681204768
483,8.6740101464,5.462642327,1.7941429825,14.776786649,12.005045552,6.8877755327
484,4.7998211421,11.247115352,6.9334002896,4.987802479,10.442869656,11.056041874
485,16.464771416,10.012212412,8.9509926792,5.4512194903,5.0740371719,9.6561932219
486,9.7342391238,5.3150534616,6.782802288,15.385811442,16.411162689,9.8749855265
487,11.510677569,13.932314024,3.5446162634,17.662938474,9.3500699326,11.914725184
488,6.8803777695,9.7026913213,7.4144184596,6.0449388945,11.569974702,1.4104553035
489,15.414245632,15.107448174,11.944594981,4.9584697657,1.1265922301,2.2961393502
490,5.6266480871,6.8647535862,4.4206639163,2.7480630977,15.541531898,10.59450439
491,1.9177246243,2.6987072625,11.916857137,7.0764495437,11.690022547,5.9731163115
492,6.3538238816,6.620122558,7.8465194243,16.435869571,7.1230455115,12.977968899
493,14.938933689,18.063121792,8.2438608182,15.182200383,8.1822247021,1.3374154414
494,12.091777552,16.892089256,9.3189259907,11.262128368,8.3973017819,10.767606701
495,6.1523780599,13.670726569,12.923671539,3.6883655982,16.87063637,12.547987986
496,12.552177601,18.611375532,10.974179546,9.2533916351,15.430643078,11.389564323
497,9.8535929658,3.2689339733,9.4723818712,9.9821971939,3.4994913004,3.2609294471
498,14.282146323,18.567705624,1.0865404422,17.460368683,12.071048107,2.1625387101
499,11.159411658,4.753538725,5.9314586914,14.601302454,8.8262821995,8.5984358182
500,12.398233637,6.3159304257,1.1148515553,17.07863284,7.5090709478,4.6473008741
